{"length 2":4,"layerCount":3,"matrixCount":2,"length 1":16,"length 0":24,"weightMatrix 0":{"11":[-1,0.8220321,-0.5560555,0.736572,-0.05186374,-0.99415666,-0.69963366,0.3287399,-0.803094,-0.055810712,-0.77548444,0.027411342,1,-0.118843324,-1,0.7783034,0.8197582,-1,0.59258133,0.13137646,-0.49784714,0.51009315,0.12790243,-0.8622937,-0.29830348],"12":[-1,1,0.99309695,0.8185947,0.1419457,0.0946309,-0.94512707,0.33542222,-0.6277608,-0.33043498,0.28842828,-0.7182914,0.91747934,0.53562605,1,0.5976893,-0.41564646,0.849607,0.9553148,0.078361034,1,0.48661152,0.11910647,0.33401078,-1],"13":[1,-1,-0.91042495,0.020232156,-0.28341758,-0.8602084,0.42702106,0.40121436,-0.75081336,-0.086180754,-0.4530302,-0.9265612,-1,0.82735825,-0.16944808,0.30361617,0.11962517,-0.8144751,0.29060155,-0.43488604,0.83066094,0.4721823,0.25763345,-1,-1],"14":[-0.8628981,0.97227466,1,0.4960842,0.1866866,0.7324116,-1,-0.80532914,-0.8271253,-0.5184604,-0.019264072,-0.8516472,0.30837226,0.0030725673,-0.22129358,0.035233468,0.01980117,-0.82902575,0.3335233,0.13655622,-1,-0.084727876,-0.13244647,1,-0.73843676],"15":[1,-0.9718514,-0.6281514,-0.36729023,-0.84728897,-0.91100013,-1,0.73161525,0.29211724,-0.066881314,-0.2068158,1,-1,0.5849944,-0.46281797,-1,0.0858356,-0.8274916,-0.82564265,1,-0.83390534,-1,1,-0.7902939,1],"0":[0.85956055,-0.9545044,1,-0.401557,-0.12953603,0.9292803,0.0039850995,-0.7520936,0.83380085,0.75174737,-0.97208905,0.3464469,-1,-0.5438748,-0.82918984,-0.75666726,-0.71883374,-1,-0.43237984,-0.21782014,-0.24902715,-0.2876783,0.29337212,-0.4633004,-0.671954],"1":[-0.6002892,1,-0.85005337,-0.9617827,-0.4108034,-0.56396174,-0.30821902,-0.25443098,0.70615005,-0.70482945,0.03365954,-0.044612408,0.16510917,-0.039716333,-0.8594043,0.090352096,0.37698814,-0.33175847,0.22533765,-0.33266795,0.17023183,0.7842528,-0.54664886,-0.60043913,-0.92362565],"2":[-0.7955786,0.116791844,-1,0.11646286,0.149043,-0.9043633,1,-0.20719261,0.6841827,-0.16929384,0.8977158,-0.7491593,-0.3485187,0.40349847,-0.39719963,-0.025364518,-0.091004685,-1,-0.49999407,0.5354891,0.4331589,1,0.66313267,-0.5632109,0.9800174],"3":[1,-0.55604863,0.10821217,0.7132187,1,0.6974157,-0.59185994,0.16109216,-0.13564098,0.3020831,-0.6866142,0.68874145,-0.91357917,0.5059977,-0.27925888,-0.43711898,1,-0.4197243,0.5094138,-0.32218003,-0.9841277,1,-0.42122126,-0.8100248,-0.8227745],"4":[0.90038365,0.8800544,-0.4486081,0.076453105,-0.13158695,-0.35077727,-0.5494306,-0.79667825,0.26463008,0.6261751,-0.25594684,1,0.97689295,-0.7857939,1,-0.29253906,-0.946892,0.51687646,-0.626553,1,-0.7942933,0.9234352,0.023514178,0.32594332,-0.978393],"5":[1,-0.4714502,0.89610934,0.5129863,0.8698927,1,0.33063972,0.10287061,-0.9911918,-0.4606707,0.31914192,-0.5787666,1,0.021233875,0.8086386,-1,-0.09034368,-0.91187775,-0.3459791,0.2581371,-0.64118433,-0.79025376,0.8255678,-1,0.6957656],"6":[0.84417444,0.17070785,0.044247344,1,0.58572745,-0.7699667,-0.9278791,-0.96432257,0.40072173,-0.20898253,-0.8121795,0.8407706,-0.6770686,0.9378528,-1,0.38935864,0.78091383,-0.3925959,-0.68624276,0.4501347,-0.42711955,-0.7175804,-0.7738504,0.29924166,-0.2777855],"7":[-0.8027984,0.8078197,0.3672942,0.50518924,0.13687533,0.180969,-0.08734234,-0.3999831,-0.5352368,-0.53117037,1,-1,1,0.13503516,1,0.12589654,0.44918692,1,0.5630733,-0.27771136,-1,0.2506358,-0.24801856,0.9456301,-1],"8":[-1,0.6829687,-0.6633655,0.7282265,0.7629624,-0.9266767,0.34053835,-0.22700873,0.52368623,-0.81189847,-0.77815616,0.05683575,1,-0.4996965,0.35581845,0.41204548,0.62005055,0.8370627,0.20406733,-0.5569015,-0.62312937,0.34947643,0.26780266,-0.5747233,-0.62488997],"9":[1,-0.50873256,1,0.5341617,-0.5122794,1,-0.32710728,0.0867438,-0.16743605,-0.21782869,0.91187423,-0.15217222,-1,-0.7825483,-0.20385705,1,-0.018656686,-0.48124644,1,0.8626984,-0.65886456,-0.6292007,-0.8819994,-0.16078271,-0.72103447],"10":[-1,0.57323337,-0.8092977,1,0.4650013,-0.8983956,0.76651037,-0.21471846,0.7496182,0.60158914,0.5020566,1,-1,0.357267,-0.99401236,1,0.5008172,-0.65319973,0.9852344,-0.6790005,-0.44703394,0.34999985,0.5181695,-0.8460139,-0.08838172]},"weightMatrix 1":{"0":[-0.77212214,1,0.94103533,-1,-0.5691146,-0.93327814,-0.5557245,0.7416873,0.91274315,-0.5770435,0.8467587,1,0.7917403,-0.7871896,-0.5007149,-0.5224464,0.9814498],"1":[1,-0.70596826,-0.55692923,0.7280864,-1,0.7151271,-0.77248746,0.8079006,-0.7203361,0.73757666,-1,-0.7812606,1,-1,1,-0.5708838,-0.48169154],"2":[1,-0.029853515,0.83436847,1,-0.8937221,-0.33753636,0.8309853,-0.73418427,-0.7415978,0.83785397,0.84343684,-0.76860696,-1,1,-1,1,0.8701286],"3":[0.05530164,-0.057989098,0.59131575,0.75429535,0.66748303,0.9559983,-0.15319075,0.42942697,-0.098438606,-0.3075402,-0.10812636,-0.13632736,-0.015185997,-0.8802371,-0.6884445,0.56422585,0.5336361]}}
