{"length 2":4,"layerCount":3,"matrixCount":2,"length 1":16,"length 0":24,"weightMatrix 0":{"11":[-1,0.9538838,-0.9784019,0.61183906,0.5166139,-0.9899883,-1,0.16714072,1,-0.52044314,0.4619484,-0.19024923,0.9422174,-1,-0.3749717,0.068941295,0.8107392,-0.24889484,0.9660562,-0.16625601,-0.8668803,0.70367557,-0.18442966,-1,-0.40770483],"12":[-0.65779006,0.96381885,0.35041514,0.10939968,0.9856214,0.5803579,-0.7982693,0.45987588,-1,0.311802,0.047645565,-0.6092106,0.843298,0.2096745,0.7972992,0.56308925,-0.5796076,1,1,-0.44072515,0.93269277,0.2707692,-0.42501855,-0.06389962,-0.28708506],"13":[1,-1,-0.8160722,-0.22314705,0.39325836,-0.7841687,0.895107,0.2587877,-1,-0.12053357,-0.8072806,-1,-1,1,-0.8422066,0.31510317,-1,-0.54521126,0.3199057,0.07761738,0.40639257,0.91016006,0.49358785,-1,-0.7098976],"14":[-0.5568311,0.5250739,0.7108434,0.2556468,0.34388626,1,-1,-0.16296488,-0.9101183,0.026252687,0.793205,-0.74543095,0.32047692,0.4379714,0.14036074,-0.15836018,0.60505605,-0.21897201,0.29487407,0.72042143,-0.7347598,0.92692894,-0.9713342,0.6836547,-0.56934386],"15":[1,-1,-0.7742552,-0.40027094,0.39793015,-1,-0.9375651,-0.32158104,0.98459816,-0.114626355,0.6394581,1,-1,0.5279427,-0.67941165,-0.8621445,0.13431744,-1,-0.9360013,0.8463231,0.1750244,0.008595988,0.5427916,-0.80438596,0.8751623],"0":[0.9206057,-0.6227096,0.9215245,-0.57648426,0.006947443,1,0.5346957,-0.4503052,0.15641703,0.17551437,-0.9411338,-0.1970815,-0.96967036,0.49737912,-0.015268192,-1,-0.35822195,-0.9768729,-0.02436293,-0.15029621,0.26561594,-0.7308072,-0.5174426,-0.116138875,-0.6451223],"1":[-0.93393385,1,-0.77765197,0.28533676,-0.30640823,-0.5334537,0.05748415,-0.24250147,0.96987003,0.016482383,-0.1834592,0.9691695,-0.37821847,-0.25294313,-0.75365484,-0.65355486,0.27386647,0.97144616,0.49900752,-0.4855633,0.3407414,0.49117586,1,-0.34694827,-1],"2":[-0.12393963,0.1761544,-0.9057435,0.8660536,0.5231729,-0.7896639,0.24996372,-0.42661917,0.8448933,-0.94685847,1,0.24339199,-0.02803906,0.089621544,-0.847783,-1,-0.90375847,-0.5978304,-1,0.9157727,0.2698431,0.80465806,0.08864829,-1,0.9152937],"3":[0.862131,0.0044932924,0.96777314,0.90790886,0.59911,0.61106676,-0.501728,0.7708072,-0.19129845,0.6574719,0.9946331,-0.49863997,-1,-0.18665613,0.19792923,-0.937248,0.7391765,-1,0.18830429,-1,-0.98107916,0.8511245,-0.8843526,-0.6800031,-1],"4":[1,0.58499295,-0.24043895,0.022816658,-0.31919146,-0.79602295,-0.7188127,-0.83552825,0.4925187,0.9008526,-0.8505411,0.42734918,1,-1,0.2841111,-1,-0.5311868,-0.05312246,-0.60558796,0.9049318,-1,0.64926684,-0.23639692,-0.60548556,-0.9425227],"5":[0.7063388,-0.5305595,0.69587713,0.31750172,0.79887676,0.76509905,0.47538233,-0.033993885,-0.45484138,-0.67262304,-0.2462973,-0.3013949,1,0.11326991,0.96329725,-0.67770565,0.005846292,-0.96889496,-0.6996168,0.6742157,-0.74559516,-0.70102334,0.99306107,-0.71160734,0.20592102],"6":[0.49777627,-1,0.22141877,0.23237343,0.49516076,-0.28556782,-0.97591305,-0.50578773,0.44020638,-0.28293964,-1,1,-1,0.42475307,-1,0.7605943,0.61569804,-0.84769475,0.018604398,0.28962794,-0.82636416,-0.51231116,-1,-0.010004116,-1],"7":[-0.29401362,1,0.5427771,0.75776136,0.8669739,0.57441884,-0.2906154,0.2197492,-0.9706312,-0.2770341,0.9018693,-0.56190306,0.92711484,0.044618458,1,0.2516603,0.30193788,1,0.2427708,0.34233123,-0.48278654,-0.14279762,-0.576499,-0.0748702,-0.77704316],"8":[-0.8832946,1,-0.91883653,0.66547656,0.6840113,-1,0.572354,0.29106987,0.85561323,-0.42526665,-1,-0.93464315,1,-0.6651939,0.56569403,0.33796766,-0.24411502,0.68631613,0.016927855,0.2995113,-0.8804996,1,-0.12009967,-0.6441256,-0.4584996],"9":[1,-0.6405457,1,1,-0.5015397,0.8362559,-0.44225276,0.19968137,-0.74732023,-0.36958376,0.19781975,-0.6904012,-0.8383349,-0.19166338,-0.28435695,0.91328293,0.0629435,-1,0.73114026,0.76716846,-0.46471995,-1,-0.8731948,0.3050409,-0.62419003],"10":[-0.61238146,0.53644294,-1,0.9971917,0.4534489,-0.91582763,0.84768987,-0.6016192,0.6709686,0.2233814,-0.0044263005,1,-0.92285454,0.883592,-0.50106615,1,0.7132989,-0.342987,0.85803306,-0.679106,-0.588238,1,-0.05762109,-0.8424332,0.20657402]},"weightMatrix 1":{"0":[-1,1,0.9886568,-1,-0.49729434,-1,-0.84730923,0.5432608,0.8718984,-1,0.9291378,0.8701986,1,-0.73457706,0.1270014,-0.90759856,0.90251887],"1":[0.69865745,-0.56631017,-1,1,-0.8566962,0.8382758,0.08832915,0.9575979,-1,0.82807815,-1,-0.8124613,1,-0.87182736,0.98441935,-1,-0.36605677],"2":[1,0.46835086,1,0.88381714,-0.7901725,-0.7424568,1,-0.8094971,-1,0.6681646,1,-1,-1,1,-0.46218437,1,0.7133924],"3":[-0.23172294,0.24186195,0.72413635,1,0.57229894,1,-0.4733099,0.61995244,0.04488407,-0.27811173,-0.2969597,-0.20947932,-0.021451801,-0.5893252,-0.16488843,0.601283,0.6542093]}}
