{"length 2":4,"layerCount":3,"matrixCount":2,"length 1":16,"length 0":24,"weightMatrix 0":{"11":[1,-0.4303325,0.7947056,0.11475925,0.4786593,0.86117506,-0.4312559,0.15204313,-1,1,0.34622723,-1,-0.83224446,0.9994431,-0.89102185,0.89935654,0.30310303,-0.62890697,-0.1738699,-0.57935363,0.8984921,1,0.7545979,0.67972744,0.9606348],"12":[1,0.74391973,1,-0.22282362,0.16212603,-0.5419126,0.4130699,-0.6830646,0.42376614,0.51845646,-0.075586714,0.3245224,0.99754167,-0.6122188,1,0.9021701,0.11003295,0.487011,-0.71276104,-0.06643817,-0.93684727,-0.9258915,-0.008024028,0.8541716,-0.91358346],"13":[-0.49141848,1,0.8177924,-0.44723624,-0.88747054,0.5595937,-1,-0.8286372,-0.15443543,0.68554556,-0.4385076,-0.91198725,-0.2675988,0.43924063,0.88125443,0.169586,-1,-0.8222747,0.718027,0.5614604,0.7224231,0.21181996,0.7912988,-0.6628693,-1],"14":[0.45947352,-1,0.022518888,-1,0.7680808,-0.38825077,-0.9752001,-0.098094866,-0.93284154,1,0.34684083,-0.32264882,-1,-1,-0.36280277,-0.80946034,0.88659674,0.31685245,-1,0.21229297,-1,0.16687998,0.42833626,-0.07608655,-1],"15":[-1,-0.28226292,-0.6455454,0.56136733,0.17568256,-0.55032575,1,0.65085864,-1,0.73988307,-0.678507,0.4106952,0.8181099,-0.94249326,-0.24354301,-0.30205953,0.06959399,-0.8584894,-0.07240464,-0.4597264,-0.5805555,-0.62363267,-1,-0.38072848,0.48046798],"0":[0.8391784,-0.89956725,-0.35209262,-0.009595782,-0.44228938,-0.9856998,-0.008035541,-0.88964415,-0.2484994,-0.25969625,-0.2622922,-0.9712098,0.25370008,0.22954217,0.03141339,-0.95135355,0.48930278,-0.55821186,-0.048406422,-0.069842696,-0.6895805,-0.9706059,0.8278156,0.25744498,-0.6218717],"1":[-0.48429507,0.8441293,-0.45502275,-0.9416112,-0.2473519,-0.8076228,-0.39178216,-0.5033487,0.10466948,-0.16081347,-0.73052555,-0.18358827,0.25582615,0.9410138,0.14025272,-0.78159916,-0.08365972,0.6316279,-0.7601028,-0.9814734,-0.024269551,-0.27430353,-0.61286134,-0.81255,-0.3771065],"2":[-1,0.8040782,-0.843439,-0.53762275,-0.2154689,1,0.5683023,-0.59427905,1,0.2377558,0.092677236,-0.91272116,1,-0.7200423,-0.4026189,0.7277277,-0.9598198,-0.4899218,0.10138385,-0.7420137,0.25130212,0.7407374,0.6928619,-1,0.15566367],"3":[-0.08923527,0.49227864,0.49548608,-0.2101385,0.06911057,-1,-0.9684876,0.78822625,-1,-0.8939233,-0.17781669,1,-0.5598145,-0.15598202,1,-0.10695496,-0.7764594,1,0.5000725,-0.26186058,0.58365816,0.7892728,0.031478673,0.53865427,-1],"4":[-1,1,-0.11404404,0.049450025,-0.39647296,-0.9862903,0.044397905,0.18171912,0.12059449,0.43900067,-0.0067455918,-0.61354935,1,-0.93899935,-1,0.33013397,-0.5721966,-0.9030621,0.8968407,-0.48087725,0.26418442,-0.047528185,0.3811732,-0.65212405,1],"5":[-0.009281278,-0.28741318,0.8903798,-0.47108835,-0.9555113,-0.9330854,0.47139597,1,0.007846504,-0.88354135,0.6357747,-1,-0.9281659,0.09958522,-1,-0.79388946,-1,0.73245645,-0.32841793,0.7294968,-0.7591941,-0.30944216,-0.015096255,-0.31633538,-0.7591515],"6":[1,-0.063863814,0.5949264,-0.039754078,-0.14500347,-0.7487795,0.28304908,-0.34726995,0.83814406,0.6191707,-0.012088686,-0.88888943,-1,0.86440694,-0.9514364,1,0.2730723,-0.21847728,1,-0.74220556,1,0.8740602,0.005048329,0.81492954,-0.3973954],"7":[-1,0.93826395,-1,0.38507223,1,0.9037049,-0.49484855,0.20523098,-0.55659926,0.9686021,-0.5434714,-0.64008254,0.66088486,-0.72521996,-0.90493715,0.55590916,-0.0890915,-0.4028945,0.077098146,0.4237543,0.7460712,0.7297673,1,-0.9796573,0.67748564],"8":[-0.7252016,1,0.95470566,0.23531018,-0.6955787,0.5804537,-0.2980268,-0.28002962,0.6402514,-0.13912961,-0.151698,-0.9622241,1,-0.70142066,-0.71133816,-0.6019145,0.61019266,0.5054706,-0.88567346,0.98314977,-0.24440852,-0.74723387,0.51351887,-0.6480279,1],"9":[-1,0.38139385,-0.7083896,-0.22110878,-0.6476045,1,0.79192567,0.37107807,0.30154008,-0.45872128,-0.41433194,-0.14007226,-1,0.8779372,0.43409315,0.7527242,-1,-0.25445783,0.49275154,0.09747635,1,0.490316,0.6798713,-0.2967144,-0.03310789],"10":[-0.8119469,0.20113212,-0.8857594,0.25595418,-0.42953563,-0.29798228,0.8104246,-0.56127036,0.0014369339,0.51528716,-0.29290274,-1,-0.7614142,-0.31983185,-0.42860925,0.6873885,0.43070754,-0.4508479,-0.14325124,-0.81933373,1,0.1405678,0.0414592,0.999794,0.97117096]},"weightMatrix 1":{"0":[1,-0.9681209,0.9892188,-1,0.82029897,0.046231598,-0.8973313,1,0.91084814,1,0.8847533,-0.9847717,-0.26077956,0.72460294,1,0.73530823,0.3599438],"1":[-0.013112873,-0.09470573,-1,1,-1,-0.3609258,0.29541683,-0.287239,-0.07236081,0.38492933,-1,-0.86789477,1,0.9117807,-0.69943,-0.64229405,-0.54213977],"2":[-0.63973457,-0.22258122,-1,-0.27166104,-1,0.47090802,0.99345255,-1,-0.30429056,0.4428353,0.89510894,1,0.23237026,-0.21736374,-0.37442636,-0.7492344,-0.12983042],"3":[0.74624175,-0.055745937,-0.06809308,-0.8579911,-0.07942298,-0.97994184,-0.44337463,-0.037153512,0.47362095,-0.61582196,0.17643607,0.4263904,1,0.15907696,0.899738,-0.49275178,1]}}
