{
  "length 2": 4,
  "layerCount": 3,
  "matrixCount": 2,
  "length 1": 16,
  "length 0": 24,
  "weightMatrix 0": {
    "11": [
      0.6596715450286865,
      -0.7378635406494141,
      1,
      -1,
      1,
      -0.9236902594566345,
      0.7450195550918579,
      1,
      -0.7492132186889648,
      -1,
      -0.6454415321350098,
      0.5736554861068726,
      0.8145187497138977,
      -0.873298168182373,
      -0.10104325413703918,
      -0.8826690912246704,
      0.6834741234779358,
      0.16876527667045593,
      -0.9127188920974731,
      0.9273044466972351,
      -0.8270395398139954,
      0.8266344666481018,
      0.2047504186630249,
      -0.10754968225955963,
      -0.7042030692100525
    ],
    "12": [
      -0.43218719959259033,
      -0.3835598826408386,
      0.295518696308136,
      -1,
      0.3875594139099121,
      -0.5165917277336121,
      0.6910996437072754,
      0.5789026618003845,
      -0.39625972509384155,
      0.7489626407623291,
      0.3582288324832916,
      -0.8071898221969604,
      1,
      -1,
      1,
      0.9093703627586365,
      -1,
      -0.5790931582450867,
      0.8018385767936707,
      0.8780961632728577,
      -0.11526027321815491,
      0.38893887400627136,
      -0.28532952070236206,
      0.8103480339050293,
      -0.18302461504936218
    ],
    "13": [
      1,
      -0.5440106987953186,
      -0.5322549343109131,
      -0.665980339050293,
      0.23294393718242645,
      -0.8526540994644165,
      -0.7802220582962036,
      -0.5455143451690674,
      -1,
      -1,
      0.6109376549720764,
      -0.45817723870277405,
      -0.38879454135894775,
      1,
      -0.38404691219329834,
      0.5292580127716064,
      -0.3216409385204315,
      1,
      -0.6090654134750366,
      0.5723397135734558,
      0.14250151813030243,
      0.8890573978424072,
      -0.6426684856414795,
      -0.9332466721534729,
      -0.21495498716831207
    ],
    "14": [
      -0.4763104319572449,
      0.9740519523620605,
      -1,
      -0.48564082384109497,
      -0.7441314458847046,
      0.47346195578575134,
      -1,
      -0.8717895746231079,
      1,
      0.007327914237976074,
      0.14831846952438354,
      0.28101035952568054,
      0.3361162841320038,
      -0.08567158877849579,
      -0.08050763607025146,
      -0.7632923126220703,
      -1,
      -0.3149299621582031,
      0.7102211713790894,
      0.44615840911865234,
      0.8628460168838501,
      0.8725089430809021,
      0.7961796522140503,
      -0.7393804788589478,
      -0.8476471304893494
    ],
    "15": [
      0.4280952513217926,
      -0.3258977234363556,
      -0.4528016746044159,
      0.79489666223526,
      0.692940354347229,
      -0.8223368525505066,
      0.6526012420654297,
      -0.7149195075035095,
      -0.38305771350860596,
      1,
      0.3534228503704071,
      -0.7583577036857605,
      0.5789026021957397,
      0.8252200484275818,
      -1,
      -0.024752609431743622,
      -0.8495376110076904,
      -0.7264389395713806,
      -0.048212602734565735,
      0.9637295007705688,
      -0.9888384342193604,
      0.415568083524704,
      -0.8203954100608826,
      -0.8646035194396973,
      0.027128398418426514
    ],
    "0": [
      -0.6682004332542419,
      -0.0037471577525138855,
      1,
      0.9384446740150452,
      0.31680038571357727,
      0.44764113426208496,
      1,
      0.8623969554901123,
      -0.2568638324737549,
      -0.6933492422103882,
      1,
      -0.5790205597877502,
      -0.18350842595100403,
      -0.9646726846694946,
      -0.8499215245246887,
      -0.7415800094604492,
      -0.3874737620353699,
      -0.9725300669670105,
      -0.9272117614746094,
      0.21263842284679413,
      -0.2072831392288208,
      -0.13419365882873535,
      -0.7869361639022827,
      0.6638757586479187,
      -0.7299566268920898
    ],
    "1": [
      -0.15975667536258698,
      -0.32127970457077026,
      -0.5667988061904907,
      -0.5872080326080322,
      0.1749449521303177,
      -1,
      0.9551119804382324,
      0.6503216624259949,
      -0.23423142731189728,
      0.34503334760665894,
      1,
      -0.6782962679862976,
      -0.9312108755111694,
      0.910940408706665,
      -0.23203492164611816,
      -0.9833683967590332,
      0.29657283425331116,
      -0.410275399684906,
      0.3466130793094635,
      -0.6432704329490662,
      -0.1736985445022583,
      0.24342742562294006,
      -0.046541035175323486,
      -0.9303603172302246,
      0.1559729129076004
    ],
    "2": [
      -0.9857780933380127,
      0.32832255959510803,
      -0.18427792191505432,
      0.6646950840950012,
      0.09126859903335571,
      -0.18796679377555847,
      -0.2458295226097107,
      0.5987800359725952,
      -0.8692393898963928,
      0.751397430896759,
      -0.9492928981781006,
      -0.2333904504776001,
      0.14160746335983276,
      -0.8224456310272217,
      -0.20707902312278748,
      -0.9008418321609497,
      -0.5021925568580627,
      0.6236205101013184,
      0.7834255695343018,
      0.815878689289093,
      0.04685996472835541,
      -0.19849719107151031,
      0.021074265241622925,
      -1,
      -0.4156039357185364
    ],
    "3": [
      -0.9583187699317932,
      0.8616528511047363,
      -0.6674846410751343,
      -0.8474433422088623,
      -0.3375323414802551,
      -0.6332354545593262,
      -0.2265867292881012,
      0.21611392498016357,
      -0.37608638405799866,
      -0.6872386336326599,
      0.591627836227417,
      1,
      0.9537390470504761,
      -0.7569231390953064,
      0.7193012833595276,
      0.9801918864250183,
      0.3284008800983429,
      0.018560200929641724,
      -0.5903683304786682,
      0.3753020763397217,
      -0.33603450655937195,
      0.5307016968727112,
      0.024188391864299774,
      -1,
      1
    ],
    "4": [
      -0.4042591154575348,
      -0.23784488439559937,
      0.06310838460922241,
      -0.7190415263175964,
      -0.5527028441429138,
      0.8584049940109253,
      -0.38097453117370605,
      -1,
      -0.18475216627120972,
      -0.06896796822547913,
      -0.7700177431106567,
      -0.41880184412002563,
      0.33707478642463684,
      -1,
      0.7991496920585632,
      -0.7850198745727539,
      -0.5780789852142334,
      -1,
      -0.9747726917266846,
      -0.18505054712295532,
      -1,
      -0.6233419179916382,
      0.5108766555786133,
      0.7037878632545471,
      -1
    ],
    "5": [
      0.5950112342834473,
      -0.5424675345420837,
      0.9480397701263428,
      0.8190579414367676,
      -0.49172699451446533,
      0.3583599328994751,
      0.19435733556747437,
      -0.9391489028930664,
      -1,
      0.6404731273651123,
      0.6063545942306519,
      -0.8338168263435364,
      0.7622309327125549,
      1,
      -1,
      -0.9738309979438782,
      0.29402798414230347,
      0.2425183653831482,
      0.5466934442520142,
      0.04624678194522858,
      -0.8813984394073486,
      0.5570165514945984,
      -0.07444524019956589,
      1,
      -0.6872462034225464
    ],
    "6": [
      -0.662033200263977,
      0.9105871319770813,
      -0.4498884081840515,
      -1,
      0.22445575892925262,
      -0.2144012302160263,
      0.6469445824623108,
      0.764776349067688,
      1,
      -0.19944451749324799,
      -1,
      0.6433839201927185,
      -0.11980567872524261,
      -0.9998995661735535,
      -0.3198539912700653,
      0.16990408301353455,
      -0.4441779851913452,
      -1,
      -0.336564302444458,
      0.928624153137207,
      -1,
      -0.7145687341690063,
      -0.46999281644821167,
      0.73396235704422,
      -0.7448806762695312
    ],