{
  "length 2": 4,
  "layerCount": 3,
  "matrixCount": 2,
  "length 1": 16,
  "length 0": 24,
  "weightMatrix 0": {
    "11": [
      0.4064919352531433,
      -1,
      1,
      0.8742388486862183,
      -0.4726715087890625,
      -0.758375883102417,
      -1,
      1,
      -1,
      0.06266140937805176,
      0.1075877770781517,
      -0.8564598560333252,
      0.10758179426193237,
      0.30035683512687683,
      0.8794539570808411,
      -0.7340449094772339,
      0.1527743637561798,
      0.8588302135467529,
      -0.6348333358764648,
      0.8686965107917786,
      -1,
      0.5465792417526245,
      0.6261343955993652,
      0.08053867518901825,
      -0.3135066628456116
    ],
    "12": [
      -0.14366471767425537,
      0.7030290365219116,
      1,
      0.14294318854808807,
      -0.2986510694026947,
      -0.9805601239204407,
      -1,
      1,
      -1,
      -1,
      0.5560368299484253,
      -1,
      0.7809985876083374,
      0.2479749470949173,
      0.033429134637117386,
      -0.6799654960632324,
      0.10579931735992432,
      0.9810501933097839,
      0.9893879890441895,
      -0.4956718683242798,
      -0.18656501173973083,
      0.43323248624801636,
      0.5006076097488403,
      1,
      0.1868399977684021
    ],
    "13": [
      -0.981486976146698,
      0.5250586271286011,
      -0.280526727437973,
      -0.9861443042755127,
      0.18286319077014923,
      -1,
      1,
      -0.12462256848812103,
      -0.10356399416923523,
      -0.22572268545627594,
      -0.14177551865577698,
      -0.355251282453537,
      0.9540815353393555,
      -0.23308685421943665,
      0.26281216740608215,
      -0.385515421628952,
      -0.30434074997901917,
      -0.6114376187324524,
      -1,
      -0.08352448046207428,
      -0.7708843946456909,
      0.5075041055679321,
      -0.6737695336341858,
      -1,
      0.9166916012763977
    ],
    "14": [
      0.5588842034339905,
      0.05048111826181412,
      1,
      0.911691427230835,
      -0.7236583828926086,
      0.3363325595855713,
      -0.9673340916633606,
      0.3588719666004181,
      -0.8641719818115234,
      -0.2811536490917206,
      -0.6579701900482178,
      -1,
      0.8778787851333618,
      0.1169317364692688,
      0.5840847492218018,
      0.14285987615585327,
      1,
      -0.20695015788078308,
      -0.35227715969085693,
      -0.9787615537643433,
      0.024282418191432953,
      1,
      0.38144105672836304,
      0.08199132978916168,
      -0.9054803848266602
    ],
    "15": [
      -0.9306632876396179,
      0.5557152628898621,
      0.4144880771636963,
      0.4324467182159424,
      -0.6369264125823975,
      -0.3398999869823456,
      -1,
      0.7891202569007874,
      -0.1134590357542038,
      0.6412553787231445,
      -0.3452760577201843,
      -1,
      0.7420761585235596,
      0.5414301753044128,
      -0.517302393913269,
      -0.5846664309501648,
      0.2853819727897644,
      -0.5841169357299805,
      1,
      -0.4069952964782715,
      0.7577618360519409,
      -0.22119010984897614,
      -0.4770784378051758,
      1,
      -0.09928792715072632
    ],
    "0": [
      -0.15161462128162384,
      0.4689093828201294,
      -0.11610928177833557,
      -0.3429472744464874,
      0.7283658981323242,
      0.6869117617607117,
      -0.8333395719528198,
      0.5516599416732788,
      1,
      0.18132126331329346,
      -0.8370400071144104,
      0.6878790855407715,
      -1,
      1,
      -0.8977961540222168,
      1,
      0.604094386100769,
      -0.9429709315299988,
      -1,
      -0.19797758758068085,
      0.903281033039093,
      0.15027794241905212,
      0.4853610694408417,
      0.7482600808143616,
      -0.4535677433013916
    ],
    "1": [
      -0.726366400718689,
      0.5842348337173462,
      0.42677146196365356,
      -0.27940672636032104,
      0.08079476654529572,
      -0.6815385818481445,
      0.614344596862793,
      -1,
      -0.6308733224868774,
      -1,
      -0.5873332023620605,
      -1,
      -0.30117401480674744,
      0.0610465332865715,
      -1,
      0.25459060072898865,
      -0.41480594873428345,
      0.12275786697864532,
      -0.8233007788658142,
      0.20430777966976166,
      -0.9623726010322571,
      -0.9318034648895264,
      -0.042887791991233826,
      -0.6747773885726929,
      0.7862539291381836
    ],
    "2": [
      -0.9051302075386047,
      -0.2937786281108856,
      -0.6232455372810364,
      -0.23248636722564697,
      -0.8357722759246826,
      0.17881432175636292,
      -0.2022867649793625,
      1,
      -0.6094713807106018,
      0.6159417629241943,
      -0.9079990386962891,
      -1,
      -0.5212637782096863,
      0.624573826789856,
      -1,
      0.965308427810669,
      0.9702484607696533,
      -0.7017631530761719,
      0.6069169044494629,
      -0.6089870929718018,
      -0.1994396448135376,
      -0.22533124685287476,
      0.48027870059013367,
      -1,
      -1
    ],
    "3": [
      1,
      -0.11749267578125,
      -0.04393757879734039,
      0.36207109689712524,
      -0.21946248412132263,
      0.8540058732032776,
      -0.9917348623275757,
      0.6881258487701416,
      -0.9365894794464111,
      -0.30212506651878357,
      -0.021585218608379364,
      -0.38756680488586426,
      0.021504417061805725,
      -0.3598802089691162,
      -1,
      -0.21432825922966003,
      -0.9751539826393127,
      -0.663125216960907,
      0.6755236387252808,
      -0.06550386548042297,
      0.46005314588546753,
      1,
      -1,
      0.3696732819080353,
      -0.3696225881576538
    ],
    "4": [
      -1,
      0.17012710869312286,
      -0.6860716938972473,
      -0.6429540514945984,
      -0.635741114616394,
      1,
      0.6243796348571777,
      -0.5496308207511902,
      0.395772248506546,
      0.866938591003418,
      0.3015775680541992,
      0.7864661812782288,
      0.071072518825531,
      0.41350847482681274,
      -0.850007951259613,
      -0.8882828950881958,
      0.8464773297309875,
      -0.8887898921966553,
      0.833247721195221,
      -1,
      -0.44140714406967163,
      -0.36295580863952637,
      -0.5793006420135498,
      -1,
      -0.08506446331739426
    ],
    "5": [
      -0.7607989311218262,
      -0.2501826584339142,
      -0.7642133235931396,
      0.10654616355895996,
      -1,
      -0.8937754034996033,
      0.4150327146053314,
      -0.3359866440296173,
      -0.6799033284187317,
      1,
      -1,
      -0.7624255418777466,
      1,
      -0.20646175742149353,
      -0.8218625783920288,
      -0.2374856173992157,
      0.09006958454847336,
      -0.597121000289917,
      -1,
      1,
      -0.0098542720079422,
      -0.48579010367393494,
      0.6554906964302063,
      -0.527653694152832,
      -0.7383134961128235
    ],
    "6": [
      -1,
      0.1809234768152237,
      -0.11834150552749634,
      0.8427788019180298,
      -0.07658661156892776,
      0.6035652756690979,
      0.703946590423584,
      -0.8690204620361328,
      -1,
      -0.1506437361240387,
      -0.023111850023269653,
      -1,
      -0.3823906183242798,
      -0.6028084754943848,
      1,
      0.028833895921707153,
      -0.4929048418998718,
      0.9069994688034058,
      -1,
      0.009583473205566406,
      0.4309573471546173,
      0.9745863676071167,
      0.18028524518013,
      -0.7216985821723938,
      0.3318484425544739
    ],
    "7": [
      -0.20739690959453583,
      -1,
      -0.506751537322998,
      0.6252353191375732,
      0.21849200129508972,
      -1,
      -1,
      0.6827153563499451,
      -0.025886982679367065,
      -1,
      0.19516396522521973,
      -0.19216665625572205,
      -1,
      -0.7675480842590332,
      -0.8670455813407898,
      0.22686171531677246,
      -0.4415666460990906,
      -0.17236332595348358,
      0.4261205792427063,
      0.44690483808517456,
      -0.14829084277153015,
      0.32145923376083374,
      -1,
      -0.013819284737110138,
      -1
    ],