{
  "length 2": 4,
  "layerCount": 3,
  "matrixCount": 2,
  "length 1": 16,
  "length 0": 24,
  "weightMatrix 0": {
    "11": [
      0.1937369406223297,
      -0.5871227979660034,
      1,
      0.7142134308815002,
      0.2357880175113678,
      -0.49198898673057556,
      -0.9599905610084534,
      0.6538838148117065,
      -0.9071264266967773,
      -0.02454434335231781,
      0.6242290735244751,
      -0.6183834075927734,
      0.7439337968826294,
      0.1926989108324051,
      0.9652055501937866,
      -0.7040191292762756,
      0.5571058392524719,
      0.7478161454200745,
      -1,
      0.41274476051330566,
      -0.8738262057304382,
      0.4703868329524994,
      0.4921290874481201,
      -0.08559374511241913,
      -0.12341795116662979
    ],
    "12": [
      -0.28204113245010376,
      0.4303325414657593,
      0.8759728074073792,
      0.5342748761177063,
      -0.29315388202667236,
      -0.6346321702003479,
      -1,
      1,
      -0.6020885109901428,
      -0.4493709206581116,
      0.7048529386520386,
      -1,
      0.5077003240585327,
      0.06217126548290253,
      -0.10379071533679962,
      -0.5595069527626038,
      0.22052620351314545,
      0.04428337514400482,
      1,
      0.0023373961448669434,
      -0.02411094307899475,
      -0.038632575422525406,
      0.5004580616950989,
      1,
      -0.1388179510831833
    ],
    "13": [
      -0.8435144424438477,
      0.15956105291843414,
      0.048677340149879456,
      -0.909259557723999,
      -0.2973867952823639,
      -1,
      0.984221875667572,
      -1,
      -0.7316707968711853,
      -0.38404473662376404,
      -0.6577446460723877,
      -0.7737042307853699,
      0.2162577211856842,
      -0.49301159381866455,
      -0.01573295146226883,
      0.5239713191986084,
      -0.04014068841934204,
      -0.49050986766815186,
      -0.9961525797843933,
      -0.08632740378379822,
      -1,
      0.491117924451828,
      -0.5412195920944214,
      -0.8882924914360046,
      0.6699450612068176
    ],
    "14": [
      0.9090815186500549,
      0.5914763808250427,
      0.9913994073867798,
      0.4510548710823059,
      -0.13064706325531006,
      -0.287972629070282,
      -0.9707068204879761,
      -0.6811724305152893,
      -0.7522541284561157,
      -0.2675459384918213,
      -0.7606176137924194,
      -0.6456129550933838,
      1,
      0.7730218172073364,
      0.52586430311203,
      -0.12174968421459198,
      0.4532250761985779,
      -0.4548760950565338,
      -0.7841675281524658,
      0.14162534475326538,
      -1,
      0.5229862928390503,
      -0.23432694375514984,
      0.02262774109840393,
      -0.6974090933799744
    ],
    "15": [
      -0.7715803384780884,
      0.7300423383712769,
      0.31335189938545227,
      0.48947304487228394,
      -0.4231467843055725,
      -0.07171359658241272,
      -0.9913277626037598,
      0.8528187274932861,
      -0.6707528829574585,
      0.5843349099159241,
      -0.7753610610961914,
      -0.8086629509925842,
      0.5134943127632141,
      0.5875981450080872,
      0.0736587643623352,
      -0.277116060256958,
      0.31540340185165405,
      -0.07579348981380463,
      1,
      -0.08779072761535645,
      0.6916360259056091,
      0.3828394114971161,
      -0.7162193059921265,
      0.7418392300605774,
      -0.5194863677024841
    ],
    "0": [
      -0.4456676244735718,
      0.8384091854095459,
      -0.6975281238555908,
      -0.48095229268074036,
      -0.21319936215877533,
      0.4887404441833496,
      -1,
      0.614277720451355,
      1,
      0.408650279045105,
      -0.2941588759422302,
      1,
      -1,
      0.9521753787994385,
      -0.34397757053375244,
      0.49785855412483215,
      0.2604484558105469,
      -0.8680005073547363,
      -0.7569999098777771,
      0.5467206239700317,
      0.9012089371681213,
      0.03693969547748566,
      0.23229002952575684,
      0.11026988178491592,
      -0.5304371118545532
    ],
    "1": [
      -1,
      0.49703556299209595,
      -0.028405800461769104,
      -1,
      0.8580262660980225,
      -0.9317967891693115,
      0.9053254723548889,
      -0.9244859218597412,
      -1,
      -1,
      -0.0839414894580841,
      -1,
      0.1690751165151596,
      -0.9049210548400879,
      -0.6604487299919128,
      -0.4871861934661865,
      -0.4692590534687042,
      0.12068149447441101,
      -1,
      -0.501291811466217,
      -0.6574707627296448,
      -1,
      -0.25147223472595215,
      -0.7350959777832031,
      0.8820316791534424
    ],
    "2": [
      1,
      -1,
      -1,
      0.015412988141179085,
      -0.48027193546295166,
      -0.9728427529335022,
      -0.35337576270103455,
      1,
      -0.9003484845161438,
      0.16533121466636658,
      -1,
      -0.9420559406280518,
      -0.5429424047470093,
      0.1826973557472229,
      -0.839326798915863,
      0.759638786315918,
      0.18400415778160095,
      0.38639166951179504,
      1,
      -0.7914038896560669,
      -1,
      0.11395172774791718,
      0.5561472177505493,
      -1,
      -0.890895426273346
    ],
    "3": [
      0.9755656719207764,
      -0.7253120541572571,
      1,
      0.3625418245792389,
      -0.2729000449180603,
      1,
      -1,
      0.8358383178710938,
      -0.27063634991645813,
      -0.529010534286499,
      0.10208714008331299,
      -0.6391682624816895,
      -0.7530120611190796,
      0.00950208306312561,
      -0.4816323518753052,
      -1,
      -0.822577714920044,
      -0.8840096592903137,
      0.7186409831047058,
      0.23508770763874054,
      0.2727919816970825,
      0.7248049974441528,
      -0.6023064851760864,
      1,
      -0.6813559532165527
    ],
    "4": [
      -0.8909345865249634,
      0.46458858251571655,
      -0.7561165690422058,
      -0.8141226172447205,
      -0.6529579162597656,
      0.6713900566101074,
      0.39628344774246216,
      -1,
      0.595464289188385,
      -0.4888373017311096,
      0.025181636214256287,
      0.7526290416717529,
      -0.30432820320129395,
      0.44903454184532166,
      -0.4684126377105713,
      -0.9178524017333984,
      1,
      -1,
      0.7406182289123535,
      -0.9994107484817505,
      -0.6270660758018494,
      -1,
      -0.5056139230728149,
      -0.8210388422012329,
      -0.14243707060813904
    ],
    "5": [
      0.4127644896507263,
      0.17397916316986084,
      0.09724592417478561,
      -1,
      -0.2823749780654907,
      -0.9061794877052307,
      0.6253337860107422,
      -0.6610264182090759,
      -0.944883406162262,
      0.3791787624359131,
      0.23733210563659668,
      -1,
      0.7356804013252258,
      0.28153032064437866,
      -0.9354904890060425,
      -0.2266887128353119,
      0.5713597536087036,
      -0.9599849581718445,
      -0.8891900181770325,
      0.21222183108329773,
      -0.4283478558063507,
      -0.5554856061935425,
      0.7510621547698975,
      -0.7832579016685486,
      -0.906307578086853
    ],
    "6": [
      -0.5681604146957397,
      -0.798433244228363,
      1,
      0.7944260239601135,
      -0.532615065574646,
      -0.24709516763687134,
      0.9819241762161255,
      -0.3511882424354553,
      -0.7516842484474182,
      -0.11170250177383423,
      -0.18121707439422607,
      -0.23846423625946045,
      -0.33213692903518677,
      0.2137378603219986,
      0.047011107206344604,
      -0.02803841233253479,
      -0.5187944769859314,
      1,
      -0.9865625500679016,
      0.518737256526947,
      0.5193091630935669,
      0.6530614495277405,
      -0.18728117644786835,
      -0.8175668716430664,
      -0.0714360773563385
    ],