{"length 2":4,"layerCount":3,"matrixCount":2,"length 1":16,"length 0":24,"weightMatrix 0":{"11":[1,-1,1,-0.28332686,-0.83734655,0.7208337,-0.63466936,-0.1354075,-0.80084836,0.9177291,0.58964986,-0.7181795,-0.7924098,0.67193025,-1,-0.23491484,-1,-0.6602862,0.320917,-1,0.84272736,1,-0.21156085,0.71676314,0.9353214],"12":[0.5324062,-1,0.8076917,-0.6911636,-0.93110746,-0.05773996,-0.023778945,0.034247875,0.32056895,0.94217557,0.12751919,-0.7502562,0.4904491,-0.97905016,1,0.5426588,-0.31119362,-0.65890163,-0.64539385,1,0.032293797,-1,-0.3469579,-0.45004946,-0.7690048],"13":[0.27259365,0.04501678,0.22873394,-0.75818133,-0.4061083,-0.77391833,-0.54384285,-0.39330083,-0.5273328,0.3922584,0.8691168,-0.46010843,-1,-0.7759856,-0.762097,0.97706395,0.97888154,-0.6976105,0.57476443,0.75049347,-0.39259285,-0.04857914,-0.94528025,0.45102426,-0.36583608],"14":[-0.50935787,-0.7094044,1,-1,1,-0.26417992,0.6000601,-0.79569936,-0.90552837,0.81492877,0.606183,-0.2743196,0.7408922,0.719375,0.7613139,-0.6485277,-0.29459363,0.24328482,0.21437895,-0.8704632,-0.51638687,-0.4816072,0.07947515,0.06459725,-0.36368576],"15":[-0.45243114,0.3096426,0.5415577,0.50614846,0.029661551,0.25123724,0.7389622,-0.83211386,-1,-0.063398026,0.29020497,0.2540049,-0.903924,-0.92715204,-0.6803802,-0.63384694,0.31522295,-0.5381309,-0.45060793,0.078835845,-0.5377847,-0.91572016,-0.5663796,-0.63340014,0.18501171],"0":[0.33256924,0.4886904,-0.12576137,0.64853305,0.52404886,0.94434637,1,-1,-0.09712876,-0.6446347,0.7962102,-0.8187734,0.4110968,-0.266684,0.19474253,-1,-1,-0.5539748,-0.36093903,-1,-0.68338025,-0.86564934,0.030729864,-0.84179765,-0.7420509],"1":[0.3700526,0.007498769,-0.40191686,-0.09703168,-0.56024,-0.35225743,-0.9821787,-0.5582136,-0.75962585,0.7097292,-0.82943374,-1,-0.88366336,-0.05865681,-0.5712447,0.13264191,0.07685775,0.042157516,-0.740636,0.069603354,0.8346811,0.33879694,-0.21286614,-1,-0.20747109],"2":[-1,0.93796337,-1,-1,-0.8666077,0.48692358,0.7530366,-0.653859,0.9817887,0.38256308,0.46796292,-0.790612,1,-0.21265826,-0.25162715,0.13973194,0.3350255,-0.29566258,0.7324702,-1,0.97191304,0.4657943,0.8974661,-0.6053208,0.50713015],"3":[0.52478784,-0.4321651,0.4267984,-0.051041976,-0.06904335,-0.9429195,-0.8338187,1,-0.48437586,1,0.14051956,1,-0.72881544,-0.6139414,0.47264946,-0.012359396,0.057612613,1,0.88579464,-0.62298834,0.7859168,0.36152887,0.42908758,-0.59443986,-0.12506561],"4":[-0.25063804,0.887552,-1,-0.003564924,-0.9032376,-0.6128937,0.7036862,0.81518835,-0.11569381,0.53485906,-0.89484423,-0.8972718,0.74277645,0.0013397485,0.06969243,0.4957206,-0.6587848,-0.13020176,-0.93712544,-0.8207084,0.37935913,-0.5162589,0.823841,-0.3495624,-0.23634094],"5":[-1,-0.66169363,0.1030159,-0.6840801,0.36473,-0.43760723,-0.8648557,-0.12901868,-0.6065788,-1,-0.18244779,-0.39430574,-0.99481267,-0.29794958,0.1389419,-0.737715,0.6228197,-0.61239296,-0.7037386,0.8352207,-0.6980034,-1,-0.5212163,0.7236962,-0.7026707],"6":[0.86368394,0.8329954,0.64317906,0.023227505,0.74420947,-0.93799144,0.014748488,-1,-0.61365193,0.10296205,0.23867807,-0.45687115,-0.7975076,0.8414178,0.62317216,0.38471228,-0.53778386,0.0044038296,-0.047955953,-1,1,0.6120674,-0.28167105,0.88507473,-0.35332257],"7":[-0.9190419,0.9826547,-0.55521977,-0.34826234,0.4364632,-0.39325026,-0.19432911,-0.1399712,-1,-0.0038925856,-1,-0.16911745,-0.06662797,0.18543375,-0.9551775,0.59753835,-0.547537,-0.6458772,-0.118536174,-0.91600144,0.24863169,-0.027220234,0.4548299,0.65221465,0.41294104],"8":[0.3277881,0.99638665,0.0375624,0.5627242,-0.58656514,0.9945585,-0.5852704,-0.4081583,1,0.7991805,-0.5087793,-0.38335195,0.9416292,-0.86186385,-0.5431452,0.8752682,0.5522974,0.070799276,-0.38366362,0.8875203,-0.11303727,-0.42789823,0.029265583,-1,0.91313505],"9":[-0.72370255,0.4542127,-0.59314173,0.6945443,0.549035,0.5860531,0.804862,0.4203845,0.83078325,0.117704816,-0.28561273,-0.26822695,-0.532636,0.09087834,0.50524294,0.5533974,-0.58706045,0.6515258,0.78847337,-0.9849938,0.57203346,0.3049268,0.114119455,-0.37525064,0.27742866],"10":[-0.34726202,-0.9448253,0.49386388,-0.67254746,0.977531,0.5580282,0.5964289,-1,-0.379719,0.74886894,0.1642815,-0.9902604,-0.95943946,0.4982608,0.018986106,-0.030897573,0.5815302,-0.09259829,-0.10526729,0.11877748,0.91398054,0.060978353,0.7634116,-0.20276362,1]},"weightMatrix 1":{"0":[0.65225756,0.08584512,0.81474096,-0.5855353,0.8400579,-0.42812458,-0.76197547,0.12797192,0.4817506,0.8067129,-0.06911059,-0.64404315,-0.2683229,0.28454456,0.7383164,0.46272394,0.165227],"1":[0.84166706,-1,-0.787433,1,-0.6940705,-0.025662556,0.69888103,-1,-0.67857397,0.5544034,-0.8326984,-0.7322553,-0.03719847,-0.48913574,0.5598349,0.29343864,0.1829161],"2":[0.1126883,-1,-0.8775156,-0.10081048,0.57725954,-0.0065736175,1,-0.8867523,-0.8209532,0.8058822,0.52022296,1,0.06400841,0.8452293,0.9173348,-0.11180491,-0.41244254],"3":[-0.07414065,-0.9598107,-0.91664135,-0.64101464,-0.13692623,0.81415355,-0.38297352,-0.69307196,0.8463372,-0.8272168,0.5636764,0.33111924,1,-0.2076224,1,0.5873247,1]}}
