{"length 2":4,"layerCount":3,"matrixCount":2,"length 1":16,"length 0":24,"weightMatrix 0":{"11":[-0.96787703,0.8977876,-0.2630077,-0.26121384,-0.56476367,-0.8071638,0.8497938,-0.58657455,-0.728562,-0.09033513,-0.9149245,1,0.12686871,-0.6771491,-0.15505527,-0.53792113,-0.1921629,0.8260127,0.09971447,0.3154591,0.41280067,-0.13769522,-0.3769417,0.24393159,0.06512516],"12":[0.014640391,-0.585166,-0.90019614,0.7855541,0.17859629,1,0.17017676,-1,-0.8411219,-0.87784535,0.58091134,0.6380165,-0.1991441,-0.0034404695,0.4172777,-0.11862397,-0.11425465,0.707121,-0.43010703,0.5011001,-0.061440498,-0.6252426,-0.8188561,-0.90260994,-0.59164417],"13":[-0.81278247,0.75717235,-0.88640124,-0.5705477,0.31313807,-0.15670839,0.18501315,0.019910127,0.09824474,0.22347093,0.8431431,-0.1242677,-0.67454326,0.6641857,0.10718922,-0.99962556,1,0.93234044,-0.48171833,-0.20381166,0.9919406,-0.009012319,-0.891234,-0.3459135,0.2513174],"14":[0.58832955,-1,0.4368548,0.0996536,-1,0.8346057,-0.998708,0.6498574,0.8244288,0.19017723,-0.08201301,0.12358208,0.9473231,-0.9951832,0.7492581,-0.83905256,-0.74938625,-0.59017956,-0.26384366,-0.5294192,1,-0.15034978,0.5480781,-0.35357136,-0.8075965],"15":[0.30924347,0.3131878,0.1309228,0.34254235,0.05108531,0.12928101,0.3210072,-0.73056906,0.7455383,-0.39815298,-0.29750973,0.5376509,0.41307297,-0.6933877,0.080618836,-0.34096932,0.2707303,0.91387653,-0.8722837,0.4306562,-0.9073737,-0.79119605,1,0.10024006,-0.8804771],"0":[-0.24110684,0.7076632,-0.27395797,0.72808903,0.49525034,-0.2818753,0.49609396,-0.22218123,0.6784029,0.32953507,-0.99781275,-0.15751147,0.5099784,-0.36874163,0.047981553,-0.07140742,-0.2539135,0.6834877,-0.06879115,-0.23809564,-0.87429714,-0.2656076,0.9148564,-0.6400162,1],"1":[0.8661202,-0.6205193,0.8384617,0.40726984,-1,0.9299444,0.8552691,0.30177826,1,-0.95111436,-0.4846656,-0.5738553,-0.9443385,1,0.53590316,-0.61234367,-0.12809193,-0.58511794,-0.8564571,1,0.41773373,-0.3788512,0.66446996,0.28809208,0.076474935],"2":[0.62946993,-0.82540196,0.22072937,0.64663905,0.8535937,0.1395503,0.7003706,0.38825712,-1,-0.427522,1,0.07928477,0.8379467,-0.71641916,0.9183805,0.1666857,0.21919852,-0.15904678,-0.9759625,1,-0.55822444,-0.7973534,-0.14235947,0.67455816,0.7673988],"3":[0.36377513,-0.1300718,-1,-0.6053541,0.15242575,-0.31109366,-0.33508444,0.22443518,0.6559776,-0.93187904,0.91870725,0.10449301,0.21135728,0.5978683,-1,0.25488016,-0.17403306,-1,0.21093501,0.4716966,-0.6179338,0.26575974,-0.49906218,-1,1],"4":[0.32412302,0.71351373,0.9675955,0.95206356,-0.5324994,-0.1799213,0.30004582,-0.86481154,-0.028329268,-0.40263733,0.99107915,-0.5093071,0.5268824,-0.22096528,-1,0.7053216,0.17515819,0.07661875,-0.7580902,-1,0.1851728,0.5164436,-0.7087252,0.22493723,-0.22745714],"5":[0.86369693,-1,0.17262882,1,0.99032223,0.6016349,-0.34645975,0.56654537,0.67737496,-0.8547774,0.4417865,-0.22169901,-0.25355542,0.59359205,0.81324387,0.77180904,-0.3700242,-0.44351977,-0.5780978,-0.54243517,-1,0.24991055,-0.6149495,0.9693832,0.016895235],"6":[-0.59895843,0.02176997,-1,-0.9013785,0.11810571,-0.51304114,0.27330723,-0.16882384,0.40199605,0.2621064,1,0.8191911,0.39260548,-0.81420636,-0.54500556,0.22834085,-0.8766595,0.3159614,-0.5914063,-0.0024487078,1,-0.19035718,-0.44539723,-0.13190322,0.055440605],"7":[-0.09643891,0.65008795,-0.017418936,0.9675278,0.86073744,-0.18391025,-0.5807294,0.30442175,-1,-0.40622842,0.0018847436,0.8501128,1,0.08329186,-0.9505681,0.5470545,-0.23841499,1,1,0.6890663,-0.07143821,0.3176114,0.73722297,0.30618757,-0.17488764],"8":[1,-0.26531026,0.12079414,0.72088087,-0.55785847,-0.25918236,0.49637944,-0.72497904,-0.9703078,0.6444043,-1,0.53828233,-0.98617244,0.84386,0.93491775,-0.8228695,-0.52379173,-0.56618536,0.6439976,-1,-0.73245054,0.56752217,-0.40197366,-0.32327816,-0.20950893],"9":[-0.8707717,-0.5501269,-0.4923048,0.69008905,-0.19214942,0.46566138,0.47069412,-0.84612,0.41623527,0.25645182,-0.4345757,1,-0.706357,0.59429824,0.4675602,-0.4070198,0.041902795,-0.078165114,-0.5599761,0.6110463,-0.7871022,0.7149299,-0.27741027,-1,1],"10":[0.11711777,-0.356502,-0.6631526,0.2500016,0.36925974,-0.14462495,-1,-0.93407005,0.74312663,0.5241548,-0.27562377,-0.44073424,0.53900754,0.044451296,-0.36268628,0.22295177,-0.06141165,-0.5436009,-0.7407034,0.83840245,0.28705335,0.07116346,0.8441826,-0.65552276,-0.21220037]},"weightMatrix 1":{"0":[0.110864416,-1,-0.8459522,-1,0.84486955,-0.7676267,0.22949539,0.59920585,-0.796655,0.21583092,0.42786264,0.97309095,0.65827185,0.37021002,-0.1799976,1,0.6226519],"1":[-0.3894251,-0.18102969,0.68220794,0.6079432,0.19284528,0.0929088,-0.9588282,0.8087385,-0.6464138,-0.64942217,-0.6998325,-1,-0.9913608,-1,0.93239444,-1,0.7335558],"2":[-0.51064134,0.786338,-0.91061014,0.47353637,0.33506835,0.6650238,-0.7534386,-0.31313986,0.9099418,1,0.42354876,-0.37727436,-0.36555305,0.28217778,-0.024955675,-0.5353155,-0.6679673],"3":[0.80575055,-0.3562296,0.84099126,-0.6531708,0.53361416,-0.6381806,-0.15040705,-1,0.5251055,0.45776826,1,0.05159771,0.18769667,-0.30674195,-0.09700072,1,-0.04236561]}}
