{"length 2":4,"layerCount":3,"matrixCount":2,"length 1":16,"length 0":24,"weightMatrix 0":{"11":[0.6335751,-0.21712232,-0.4190358,0.963187,0.103173256,-0.6453266,0.10251379,0.5272044,-0.5204414,-0.9472431,0.17127633,0.3897508,-0.44993067,0.96881366,0.33385885,0.4848181,-0.92496645,0.34098828,-0.4283067,-0.74073136,0.2556473,-0.42363417,-0.82298803,0.04317367,0.16002285],"12":[0.021006584,-0.16134882,0.7063503,0.5243572,-0.64246726,0.111302614,-0.50407517,-0.36652887,-0.943552,-0.90337014,0.16931903,-0.99225485,0.7076781,-0.14331126,-0.19397593,0.9153188,0.32301593,0.873801,0.74689376,-0.4157673,-0.36670467,-0.6378759,-0.14352918,-0.9151379,-0.5618597],"13":[0.051602125,-0.828689,0.34642744,0.93599,-0.6370412,0.59616303,-0.79980373,-0.3812487,0.86237633,0.65251565,-0.8509345,-0.75346875,0.09099281,0.7913501,-0.3658155,-0.96523905,-0.37882423,0.7803292,0.93113065,0.7887814,0.35946602,-0.5021069,-0.42311573,0.7391013,-0.30772197],"14":[0.3882221,0.22358656,0.2788637,-0.6299914,-0.9666066,0.8132881,-5.213022E-4,0.7428975,-0.6297959,0.97905374,0.78902185,0.90216875,-0.4868096,-0.044148207,-0.8603803,0.8761836,-0.1974661,-0.19501019,-0.095166564,-0.38522434,0.7845142,0.6247399,-0.60065234,0.63700974,-0.24350119],"15":[-0.56698716,-0.884923,0.79409206,-0.42803,-0.011905193,0.07722139,-0.85041285,-0.8565796,0.5311736,-0.25988722,-0.97596514,-0.29877496,-0.06942487,0.24603307,-0.47845256,0.07991159,-0.83381426,-0.13330567,-0.0200845,-0.8249068,-0.5008675,0.8640773,-0.96033597,0.6465651,-0.47628915],"0":[0.91770923,0.14175987,-0.08795035,-0.43181455,0.33628643,-0.74723315,-0.56720495,0.8650273,0.68358827,-0.6456156,0.84164286,0.34471488,-0.1521939,0.50244904,0.4775796,0.06313467,0.24030232,-0.64396477,0.43800128,-0.45805752,0.10342419,-0.2634002,0.085694194,-0.38182443,0.89199984],"1":[0.42339003,-0.1429354,0.6876361,-0.23828387,0.728739,-0.7036489,1,-0.7063842,0.4962498,-0.5434041,0.13513638,-0.9401995,-0.0713048,-0.38828182,-0.9712267,-0.025212765,-0.22252667,-0.39073837,-0.8831632,0.97176933,0.6071368,-0.43932414,-0.048123956,-0.30027747,0.80166316],"2":[-0.7780242,-0.25652218,0.7122437,0.15616381,0.075190544,0.07874668,-0.6940062,-0.3246987,0.60596335,0.23623323,-0.18597555,0.009507179,-0.45613182,-0.82276917,-0.66600597,0.74523747,0.1204263,-0.005992517,0.16599417,0.32718217,0.24513936,0.0060563087,0.735114,0.75395155,-0.45691466],"3":[-0.11993241,-0.88527393,0.0014736652,-0.987077,-0.5151684,0.73880553,-0.89188135,0.6050161,0.9162742,-0.05733919,-0.06808138,0.45050097,-0.09324992,-0.08593725,0.71137774,-0.038046956,-0.5972111,0.63770366,0.5659808,0.7837312,-0.5089805,-0.19035006,-0.4550815,-0.016611576,-0.5994725],"4":[-0.55863357,-0.156304,0.53261375,0.15456378,0.64630353,0.3933425,-0.47882628,-0.93082523,-0.95266104,0.47914863,0.5806173,-0.8709148,-0.14560771,0.32752538,-0.5272373,-0.3197075,0.5196446,0.29998052,0.93406415,-0.71297777,0.75498104,0.95853317,-0.21997333,0.8427962,-0.9907018],"5":[0.19510114,0.48925996,-0.49895358,-0.37249517,-0.109624624,-0.56378865,-0.1059016,0.17064881,0.36532164,-0.5370517,-0.09073293,0.7461493,-0.91123056,-0.68225145,0.72422385,0.81336,0.63263834,-0.20794082,-0.33049887,-0.4163376,0.9438691,-0.7857269,0.56866753,-0.2267611,0.11504197],"6":[0.77161026,0.66672933,-0.30587113,0.7392269,-0.70066106,-0.7011976,-0.75510013,0.062514186,-0.52498746,-0.8292868,0.7022611,0.110847354,0.46596646,-0.86789954,0.89150476,0.2826333,0.08892107,0.86440766,-0.4447267,-0.5596762,-0.5547036,-0.055802822,0.9315951,0.9852083,-0.8048377],"7":[0.49730086,0.73442066,0.19288313,-0.5667361,0.5219104,0.336379,-0.7175778,-0.7548394,0.9448589,-0.5231985,0.12420583,-0.93065226,-0.93124104,0.88479245,0.9999263,-0.0023232698,0.18269455,-0.7759627,0.8519449,0.1621767,0.5207182,-0.18670821,0.6323428,-0.4547317,0.97528565],"8":[0.6328267,-0.23415269,0.7106556,-0.5135505,-0.4880675,-0.723109,0.5716269,-1,-0.8535403,-0.8602536,0.260916,0.95242167,0.59025276,0.7030883,-0.49175906,0.9672817,-0.28993034,-0.3466007,-0.5123917,-0.2821164,-0.32289684,0.18931592,-0.6664765,0.19865024,-0.8737409],"9":[-0.08810386,0.6099781,0.37165022,0.89988685,0.87103206,-0.3069985,-0.013283253,-0.27681407,0.7937571,-0.05186987,0.12266874,0.28543293,-0.10994485,-0.87232625,0.5754459,0.039893866,-0.48540664,0.27024233,0.37931883,0.8150226,0.07192004,-0.9262413,-0.8880955,0.56813633,0.28243244],"10":[0.39578152,-0.81116116,0.8687391,-0.960575,-0.16757679,-0.6327863,0.1254431,-0.25376487,0.67111814,0.19709253,0.61657274,-0.6018673,-0.25913143,0.5176666,0.44288516,-0.6805346,0.5405053,0.40022457,0.54848206,-0.6540513,0.6613425,-0.41333866,0.78278685,0.8977345,0.99201846]},"weightMatrix 1":{"0":[0.63981855,-0.9679731,0.5768926,-0.86927557,0.81787,0.40533614,0.5434003,-0.8233926,-0.075953245,0.4987222,-0.8835738,-0.54775953,0.730662,-0.3833611,0.6810987,-0.7689831,-0.27561724],"1":[0.635651,-0.94978094,0.2048719,-0.9728035,-0.66815317,0.21863604,0.50640595,-0.9696295,-0.85454977,0.34645674,0.29882812,0.96763754,0.1289028,-0.03643489,-0.2422688,-0.31831408,-0.9415624],"2":[-0.51470196,0.19049323,-0.62815464,-0.73762214,0.74261403,-0.33146024,0.71512353,0.1574868,-0.69334626,-0.9492136,0.5231353,-0.78071296,-0.49432027,-0.024404645,0.1609559,0.98126674,-0.07063007],"3":[-0.7279669,0.9687036,-0.5945767,0.395854,-0.44106388,0.58218443,-0.25693703,-0.89302266,-0.99738324,0.56590676,-0.13318825,0.4567232,-0.68365717,-0.59784734,-0.53470767,0.91702354,-0.4978037]}}
