{"length 2":4,"layerCount":3,"matrixCount":2,"length 1":16,"length 0":24,"weightMatrix 0":{"11":[0.9933007,-0.90012497,0.80086637,0.8757436,-0.7031371,0.72248185,-0.042011835,-0.79789156,0.06611658,0.45661926,0.116666675,-0.8472445,1,-1,0.9960935,0.58265054,1,-0.9325453,-1,1,-0.878172,0.47076946,0.13724008,-0.7579502,0.24377507],"12":[1,0.38779286,-0.06364918,0.23976749,-0.6355982,0.5202709,0.3824271,-0.17137878,0.11546928,0.17764561,0.5702856,-0.83010226,-0.8803061,1,-1,0.06049463,-0.088269785,0.703655,-1,0.69566166,0.26094824,0.3597441,-0.9621347,-0.10348521,0.16071475],"13":[-0.67922574,-0.8182802,-0.6722601,-0.597366,-0.2140472,-0.33995736,-0.8358271,-0.6696474,-0.54591703,-1,0.8587798,-0.69846576,-0.18731692,-0.29687053,-0.5521422,-1,0.978267,0.35995823,0.7242384,1,0.13892153,0.5352189,0.79775405,0.16712514,0.54739857],"14":[0.25335687,0.36525017,-0.052089866,-0.9467042,-1,-0.6694784,0.89293355,-0.6746376,0.42692128,-1,0.061207406,-0.5563183,-0.1773085,-0.62351614,-0.25720018,-0.53182876,-0.223903,0.9867391,-0.1827775,-0.39477363,-1,-0.36914152,0.854934,-0.582275,-1],"15":[0.30198133,1,-0.721604,-1,0.74043536,-0.8250512,-0.119139984,-1,-1,-0.6677337,0.017200164,-0.13960817,-0.6815467,0.14514537,-0.9114247,0.14896636,-0.91321635,0.6508117,-1,-0.86314493,-0.89048153,-0.66362095,0.19239125,-7.915497E-4,-0.22623345],"0":[-0.31464028,0.6831142,0.017282069,0.3470289,0.71429604,-0.71629167,-1,0.9099781,-0.7439798,0.7228044,0.59791505,0.5393284,0.32651237,-0.5490017,1,0.51898575,-1,0.6100141,0.39799827,-1,0.4685981,0.8862696,1,-0.6648385,0.23672229],"1":[-0.6969342,0.56225944,-0.9818114,0.27408677,0.46046352,0.7337605,1,-0.9442192,0.45877433,0.522346,0.91287184,1,0.51925546,-0.74057525,-0.15972318,0.41596556,-0.27156448,0.5367469,-0.6937691,-0.26443407,-0.5545231,0.39886445,0.68044716,-0.58517337,-0.09445366],"2":[0.33013782,-0.5185482,1,0.8482784,0.28446093,0.5959271,0.53333926,1,-0.83700466,-0.16714567,-0.668188,0.6490896,0.2289832,-0.049999714,0.8697958,-0.8629219,0.59142125,-0.75645405,-1,0.8129772,-0.45362014,1,-0.46359915,-0.6475804,0.9603771],"3":[-0.13973162,-1,-0.35041925,-0.65795016,0.9421576,0.9107815,-0.45696467,0.5477773,0.950553,1,-0.41648751,-0.13105282,0.7949642,0.29903805,-1,0.6661732,0.05665207,-0.8791967,-0.93569523,0.12378962,-0.026959315,0.8376909,0.62908906,0.42041343,-1],"4":[-0.43603837,0.37836406,-0.69322526,0.49210352,0.32040614,1,1,-0.17898244,1,0.7765831,-0.59423006,-0.11628996,-0.7837651,0.38202637,-0.2486414,0.8179164,0.47180727,0.29165435,-0.5559125,-1,1,-0.26787946,0.491567,-0.08100764,0.07251142],"5":[-0.59911346,0.038405716,-0.5739463,-1,-0.49252644,0.238791,1,0.5874404,0.98267925,-0.86558175,-0.009321332,-0.70811784,-0.3394792,0.85216933,0.7302073,0.22906634,0.10943347,-0.8912451,0.79666954,-0.978793,-1,-0.61764663,0.55899876,-0.7600764,0.83747035],"6":[0.405314,0.8495492,-0.3465678,-0.41173804,-0.4698549,-0.78434145,-0.76798403,0.27741352,0.89868623,-1,1,0.5649735,-0.30287722,1,-0.84351647,-0.15425609,-0.22849655,0.1196313,-1,-0.8781082,-0.88773274,0.68805534,-0.46781558,0.1667202,-0.41943693],"7":[0.36590663,-0.9898516,0.93342596,1,0.48687604,0.22007251,1,0.061056986,-0.83191705,0.2078366,0.5870941,-1,-0.50404197,0.9799115,-0.84368265,-1,0.4599078,0.60554224,-0.9153348,-0.028008655,0.23224992,-0.27019984,-0.21200915,0.75897306,0.08982882],"8":[-0.56307757,-0.41814095,-1,-0.3054004,0.96936363,-1,-1,-0.10866982,-0.7150448,-0.4547056,-0.11825727,1,-1,0.19198613,0.7014296,-0.86219406,-0.8399074,-0.3800511,0.56403434,-0.7792483,0.69287896,0.32851315,-0.5555711,-0.8727195,0.95696914],"9":[-1,0.35545444,0.031452224,-0.8919588,0.10414666,-0.07933716,0.031544417,-0.6486163,0.45296076,0.3580067,-0.20774648,-1,0.9775315,-0.08528647,-0.45558962,0.08571407,0.54123205,-1,1,-0.81551343,-0.28267998,0.47649506,0.9299718,-0.33369154,0.77165705],"10":[-0.1762815,-0.87527627,0.5972923,-0.087321594,0.82005185,-0.14056742,-0.25173944,1,-0.3558864,0.1864537,1,0.13214415,-1,0.18283299,0.15993851,-0.5513267,-0.33637285,0.64124227,-0.15918157,-1,-0.41013998,0.39097613,-0.5155704,0.85705245,-0.41951555]},"weightMatrix 1":{"0":[-0.37129173,0.7424149,-0.16202098,-0.87902707,0.7546927,0.82460535,-0.58505875,-0.16920976,-0.5744362,0.8520194,-0.48126227,-0.7494843,-0.6596106,-0.92260736,0.49466914,0.03658288,0.7774476],"1":[0.809183,-0.52226627,0.20027167,0.115758896,-0.7497854,0.5224672,-0.5553688,-0.88605136,0.87808955,1,0.8980164,0.07481584,-1,-0.9464401,-0.36937997,-0.34470236,1],"2":[0.23326859,-1,-1,-0.83859676,0.5215745,0.94776666,0.0814312,0.9542967,0.40453,-0.91710943,1,-1,0.9581653,-0.085757,-0.17283669,-0.77820003,-0.6161328],"3":[-1,0.7473526,1,1,0.060607295,-0.8133126,-0.9493283,0.56548125,6.6794455E-4,-1,-0.35581088,1,0.12501055,-0.32514966,0.68723166,-0.4944876,-0.0179573]}}
