{"length 2":4,"layerCount":3,"matrixCount":2,"length 1":10,"length 0":24,"weightMatrix 0":{"0":[0.034312487,-0.7941825,-0.76390666,0.76160157,0.25447276,-0.24832916,0.9634625,0.9481734,0.24381143,0.2794511,-0.7418672,0.033051852,0.5037805,-0.79745555,0.7735137,0.3982516,0.2157669,-0.7644396,1,-0.96067536,0.580024,-0.44214875,-0.6244979,0.804311,-0.24860755],"1":[-0.5626497,-0.4305759,0.923832,0.68540144,0.39517272,-0.8639021,0.60032535,-0.35623947,0.78779066,-0.11200492,-0.56527716,-1,-0.94864535,0.37626752,0.26534694,0.49967873,-0.19482832,0.6247502,-0.9339513,-0.20634179,0.092582926,-0.4638596,0.7805876,-0.11991191,0.24188179],"2":[-0.7687489,0.54334134,-0.7073024,0.31300247,-0.8429959,-0.6195954,0.6724654,-0.22830662,0.28833237,0.19361328,-0.21142593,0.18265909,-0.66440856,-0.27803755,0.81793576,-0.42602175,-0.21116601,-0.618456,-0.21292773,-0.28397417,0.34783125,1,0.8089027,0.9526556,0.43206185],"3":[0.3472266,-0.09272474,-0.15292768,-0.10452278,0.45432758,0.85559386,-0.46686274,-0.8021883,0.09381011,0.46373844,0.77954346,-0.94294614,-0.36133504,0.16318098,0.11957172,-0.7304354,-0.09767087,-0.23149318,0.8979976,-0.33699834,0.615503,-0.5306135,0.8558635,-0.59739804,0.63247067],"4":[-0.8962791,-0.8550489,-0.32801712,0.17143275,-0.5245723,0.10228,-0.56152713,0.34272873,-0.74866545,-0.6337129,0.83938056,1,0.6646614,1,1,-0.34184605,-0.1839464,-0.7841902,0.6585129,0.59943706,0.7546371,-0.6906086,-0.5228964,-0.19390371,0.24033427],"5":[-0.75532585,-0.40685272,0.80743337,-1,0.44305664,-0.05920019,-0.6453428,0.6890191,-1,-0.38486362,-0.59197253,-0.74857014,0.80384326,1,-0.8713937,0.40816188,-0.055185363,-0.060371518,0.18866858,0.12145706,1,0.38790846,0.28005764,0.6413882,0.19200632],"6":[0.3511122,0.2600085,0.77245176,0.28308558,-0.5782023,-0.73539376,-0.45788825,-0.6311889,1,-0.5998124,0.97596985,-0.7317436,-0.25685206,-0.30339772,0.32817006,0.41605473,0.06909341,0.093599916,0.07313031,-1,-0.4294616,0.16286962,-0.7577112,0.79253703,0.6981433],"7":[-0.5971705,-0.007856786,-0.2178067,-0.116236895,-1,0.9573477,-0.7128925,-1,-0.34093133,-0.2765538,-0.3443449,-0.12707077,1,0.3674248,0.71788484,0.72810924,-0.43248302,-0.13423884,0.012588859,-0.67535865,-0.16898683,0.29130107,0.043352067,-0.4442867,0.87065965],"8":[-0.38869402,0.58833265,0.7453076,0.4939106,-0.53425133,-0.5198728,-0.27354452,0.9632852,-0.7437111,-0.5790528,0.8297672,-0.6295966,-0.030348301,0.03738135,0.075384766,-0.14565408,0.57736975,-0.93812525,0.5101875,-0.09791216,0.4205862,-0.70670336,-0.6593774,1,-0.7995166],"9":[-0.85183346,0.655169,-0.64574385,0.43070993,0.14263968,-0.71616197,1,-0.13276404,-1,0.54818296,-0.14752282,-0.7860527,0.5200584,-0.806297,0.006311685,0.18641672,-0.43387234,0.26174307,0.47810918,0.71845675,-0.14082888,0.65940475,-0.88623405,-0.2536027,-0.13945313]},"weightMatrix 1":{"0":[-0.05973065,-0.59201187,0.7182885,0.50660115,-0.67283773,0.78593755,0.74951077,0.64618146,-0.79231286,0.33253813,-0.28248402],"1":[0.7596905,-1,-1,-1,-0.26831317,0.91153264,0.14558297,-0.8581597,0.23931505,-0.65918076,0.22797117],"2":[-0.9802006,-0.1785895,-0.122310035,0.161576,0.23952334,-0.27946097,0.31175107,-0.62741375,0.3085664,0.20774148,-0.30552518],"3":[-0.965538,-0.4090164,0.2679632,-0.9409051,0.45760047,-0.60621655,-0.51365453,0.54602337,0.5952448,0.2664233,0.80363846]}}
