{"length 2":4,"layerCount":3,"matrixCount":2,"length 1":16,"length 0":24,"weightMatrix 0":{"11":[0.2530044,0.7560662,0.29625648,-0.66641617,0.4885261,-0.94732904,-0.66805243,0.59910434,-1,0.47664374,-0.31621718,0.26141912,-0.8845253,-0.1944859,0.98662317,-0.47912744,1,0.09165931,-0.8525655,-1,0.4526035,0.65594673,-0.16448984,-1,1],"12":[0.072399214,1,0.5558891,-0.21498056,1,-0.49406958,-0.021269122,-0.6768161,0.056986228,-1,-0.018518992,0.007870216,0.02669935,-0.5391657,-0.7836856,0.73037505,-0.76893604,-0.6494046,0.11436166,-0.56080455,-0.54168516,-0.5171499,0.7549859,0.123472035,-0.22727741],"13":[0.99375355,0.3266279,0.7191887,0.17350113,0.1951432,-1,-0.70865023,-0.7956885,0.95809865,-1,1,-0.7633602,0.66918814,-0.5011308,0.6533394,-0.2453047,0.2025325,0.44686347,0.14232516,-0.9822818,0.14817198,-0.44067866,-1,0.6039538,0.28397465],"14":[-0.753291,-0.71227825,0.8042344,0.5460873,1,0.044803813,-0.3430903,-0.021319538,0.112353295,0.82233024,-0.7051297,-0.04909288,-0.17624097,0.97297704,-0.2138629,0.6214734,0.115485154,0.025007248,0.68323934,0.44198942,-0.34234917,0.42884517,0.9336637,-0.75434315,-0.46472952],"15":[-0.12541518,0.98999614,1,-0.5487262,-0.27715814,0.07323673,0.36738455,-0.37990606,0.04029864,-0.38264546,0.4726208,-0.9219423,-0.2536604,-0.80224353,0.21689075,-0.5168454,-0.22359489,-0.6884572,-0.2868478,0.02198032,-0.12664998,0.020029396,0.5890162,-0.44017905,-0.5665219],"0":[-0.22044313,0.49627227,0.47884405,-0.37879547,0.59793574,-0.5735836,-0.81077,-0.7652432,-0.7696164,0.9598466,0.33112764,-0.0040050745,-0.21244413,0.58144474,0.6433634,0.6106642,-0.9354019,-0.4006106,0.44775623,-0.07922918,-0.48665422,-0.7815868,0.4492116,-0.26453486,0.3021511],"1":[-0.60667795,-0.06278914,-0.9075792,0.80255073,0.032791674,-0.080910906,-0.1669122,0.20457983,-0.6179175,0.2706858,-1,0.33992106,0.621966,-0.48042437,-0.4555896,-0.027706832,0.23687088,0.17240739,-0.09375799,0.5065307,-0.25875944,-0.22111368,0.9532867,-0.68481886,-0.23248643],"2":[-0.36902758,1,0.5365591,0.4567577,1,-0.1229853,-0.82733464,-0.2748161,-1,-0.5648738,-0.7921895,1,-0.28080755,-0.6786069,-0.11324024,0.55657685,0.5244082,0.70519584,0.07058093,-0.07097025,-0.43939024,-0.08457065,1,0.32171676,-0.36953878],"3":[-0.30597854,-0.7523403,-0.3244461,0.42925313,0.21512592,0.80739236,0.26986182,1,-0.37938565,0.6941671,-0.95498836,0.5904746,0.020512097,0.14999592,-1,0.12403938,-0.057067424,0.9707172,-0.38266522,-0.32029688,-0.9420237,0.34058166,0.65147996,0.66898334,-0.2781403],"4":[-0.42504948,0.9104249,1,-0.9833377,0.6185926,-0.7307,0.08624402,-0.7639153,-0.7691243,-0.21999922,1,-0.09167361,-0.94528747,0.3937574,0.189278,0.06598602,-0.063588455,-0.59279996,0.67306256,0.33878645,0.66858494,-0.49535507,-0.4009408,0.78138745,-0.3514229],"5":[0.90410435,0.36035705,0.001350224,0.14028919,-0.8559545,0.11919025,-0.17591965,0.42268288,0.05725874,-0.30114374,1,-0.9973016,0.1381667,0.5956138,-0.57724583,0.15065016,-0.4037491,-0.20364329,0.081343144,0.8140888,0.6714736,0.9266929,0.46713737,0.023869216,0.17790852],"6":[-0.78860223,-0.7594192,0.5982197,0.5604838,0.4559789,0.16246462,0.6171536,-0.9500022,-1,-0.25172868,-0.32848203,-0.60369253,-1,0.3558972,-0.49681592,-1,0.28936988,-1,-0.53016293,0.092114635,0.80989146,0.5863473,-1,0.23123455,0.7187393],"7":[0.3999267,-0.788135,0.42226723,-0.99434775,-0.8474755,0.1098142,0.211718,0.82419896,-0.5603466,0.44175673,-0.23357426,-0.163115,-0.1594929,-0.6354645,-0.55322003,0.8150315,0.1313332,-0.66091883,0.8592519,-1,-0.63654816,0.26136833,-0.086650565,0.24322999,0.39902246],"8":[-0.5914408,0.87680507,-0.19440281,-0.5277036,0.14569438,-0.777283,-0.1607378,-1,0.003966543,0.29455948,0.03442455,0.069206156,-0.91472924,0.73394406,0.02345562,0.08418298,-0.31162632,-0.25384036,0.70389825,-0.696174,-0.5162761,0.5439904,-0.2967781,-0.3001974,0.27075762],"9":[-0.6839508,-0.33386925,-0.6520881,0.78676987,-0.59918123,0.78577495,-0.68557966,0.7037473,-0.69188964,1,-0.47869477,-0.8340035,0.5025122,-0.16667664,-0.6489287,0.81944066,0.834718,-0.67085665,0.64530814,0.6013851,-0.41970298,-1,-0.5329106,0.4981215,-0.56462145],"10":[0.5788524,-0.7578847,0.06652115,-0.9676549,0.50420135,0.5038233,0.34787154,-0.41228238,0.08759761,0.19401787,-0.4362092,1,-0.3258819,1,0.39231125,-0.7092376,0.064388394,0.6209567,0.22928141,0.71565187,0.46195996,0.20838279,-0.6487238,0.82125777,-0.31926093]},"weightMatrix 1":{"0":[0.94848776,-0.64272916,0.9486184,-0.7440728,0.010772424,-0.6470832,-0.9863261,-0.7101385,0.35116267,0.42450938,-0.1466146,-0.3589327,0.51417404,0.023265138,-0.14872278,0.36532757,0.1449073],"1":[-1,0.062508084,0.82054543,0.93600464,-0.5467758,-1,-0.28187227,0.590853,-1,0.36214793,-0.5554974,1,-0.9960212,-0.1821414,0.86763686,-0.6752914,0.2609099],"2":[0.63614607,-0.4946078,-0.2599808,0.4810504,0.056337044,0.48490512,0.04216224,0.45260835,-1,-0.55391145,0.5873543,-0.98876154,-0.26576403,0.5615587,0.8357954,-0.09366336,-0.37142774],"3":[0.21243066,-0.6920707,-0.28522533,0.15163101,-0.8013609,-0.9383562,-0.36104786,-0.7500849,-0.76900697,-0.7367711,0.1781357,-0.64013726,0.21858743,-0.6465753,-0.41657308,-0.13832963,-0.41360554]}}
